File ID,Created At,Status,Usage Bytes,Last Error,Max Chunk Size,Chunk Overlap,Raw Attributes,Attribute Count,Attribute_filename,Attribute_category,Attribute_url,Attribute_version,Attribute_last_modified
file-HnmmJqos9zqwrqvUKkt2HL,2025-05-10 11:37:32,completed,242766,,800,400,"{
  ""filename"": ""WA Disability Services Act 1993_OLD.pdf"",
  ""category"": ""State and Territory Policies (AUSTRALIA)"",
  ""url"": ""https://www.legislation.wa.gov.au/legislation/prod/filestore.nsf/FileURL/mrdoc_47664.pdf/$FILE/Disability%20Services%20Act%201993%20-%20%5B04-h0-00%5D.pdf?OpenElement"",
  ""version"": ""OLD"",
  ""last_modified"": ""2025-05-08 17:32:31""
}",5,WA Disability Services Act 1993_OLD.pdf,State and Territory Policies (AUSTRALIA),https://www.legislation.wa.gov.au/legislation/prod/filestore.nsf/FileURL/mrdoc_47664.pdf/$FILE/Disability%20Services%20Act%201993%20-%20%5B04-h0-00%5D.pdf?OpenElement,OLD,2025-05-08 17:32:31
file-GnTV7DWmBsSVQznnMgadMH,2025-05-10 11:37:31,completed,259870,,800,400,"{
  ""filename"": ""View - NSW legislation-ombudsman_NEW.pdf"",
  ""category"": ""State and Territory Policies (AUSTRALIA)"",
  ""url"": """",
  ""version"": ""NEW"",
  ""last_modified"": ""2025-05-08 13:19:02""
}",5,View - NSW legislation-ombudsman_NEW.pdf,State and Territory Policies (AUSTRALIA),,NEW,2025-05-08 13:19:02
file-3ZQLeUTXU6wkAVvAHoEqZZ,2025-05-10 11:37:29,completed,80290,,800,400,"{
  ""filename"": ""View - NSW legislation-community welfare_NEW.pdf"",
  ""category"": ""State and Territory Policies (AUSTRALIA)"",
  ""url"": """",
  ""version"": ""NEW"",
  ""last_modified"": ""2025-05-08 13:12:59""
}",5,View - NSW legislation-community welfare_NEW.pdf,State and Territory Policies (AUSTRALIA),,NEW,2025-05-08 13:12:59
file-QLvcaXxj1oHwA2pTko5TAh,2025-05-10 11:37:28,completed,127805,,800,400,"{
  ""filename"": ""View - NSW legislation-administration Act_NEW.pdf"",
  ""category"": ""State and Territory Policies (AUSTRALIA)"",
  ""url"": """",
  ""version"": ""NEW"",
  ""last_modified"": ""2025-05-08 13:12:59""
}",5,View - NSW legislation-administration Act_NEW.pdf,State and Territory Policies (AUSTRALIA),,NEW,2025-05-08 13:12:59
file-A91wUbfBpYJLAcsxwSSFZ7,2025-05-10 11:37:26,completed,844003,,800,400,"{
  ""filename"": ""View - NSW legislation- carers and young person protection act_NEW.pdf"",
  ""category"": ""State and Territory Policies (AUSTRALIA)"",
  ""url"": """",
  ""version"": ""NEW"",
  ""last_modified"": ""2025-05-08 13:12:59""
}",5,View - NSW legislation- carers and young person protection act_NEW.pdf,State and Territory Policies (AUSTRALIA),,NEW,2025-05-08 13:12:59
file-DEhhcBxahPYHCUUcqHRwhm,2025-05-10 11:37:24,completed,8401,,800,400,"{
  ""filename"": ""Victoria Disability Inclusion Program_OLD.pdf"",
  ""category"": ""State and Territory Policies (AUSTRALIA)"",
  ""url"": ""https://www.education.vic.gov.au/about/programs/Pages/disabilityinclusion.aspx"",
  ""version"": ""OLD"",
  ""last_modified"": ""2025-05-08 17:32:21""
}",5,Victoria Disability Inclusion Program_OLD.pdf,State and Territory Policies (AUSTRALIA),https://www.education.vic.gov.au/about/programs/Pages/disabilityinclusion.aspx,OLD,2025-05-08 17:32:21
file-JY7Jgtw7jLnxppS33FdQjD,2025-05-10 11:37:22,completed,669267,,800,400,"{
  ""filename"": ""Victoria Disability Act 2006_OLD.pdf"",
  ""category"": ""State and Territory Policies (AUSTRALIA)"",
  ""url"": ""https://www.legislation.vic.gov.au/in-force/acts/disability-act-2006/023"",
  ""version"": ""OLD"",
  ""last_modified"": ""2025-05-08 17:32:31""
}",5,Victoria Disability Act 2006_OLD.pdf,State and Territory Policies (AUSTRALIA),https://www.legislation.vic.gov.au/in-force/acts/disability-act-2006/023,OLD,2025-05-08 17:32:31
file-Uc58CKDnL9yBm4egLFcqoG,2025-05-10 11:37:20,completed,155271,,800,400,"{
  ""filename"": ""TAS Disability Services Act 2011_OLD.pdf"",
  ""category"": ""State and Territory Policies (AUSTRALIA)"",
  ""url"": ""https://www.legislation.tas.gov.au/view/whole/html/asmade/act-2011-027"",
  ""version"": ""OLD"",
  ""last_modified"": ""2025-05-08 17:32:26""
}",5,TAS Disability Services Act 2011_OLD.pdf,State and Territory Policies (AUSTRALIA),https://www.legislation.tas.gov.au/view/whole/html/asmade/act-2011-027,OLD,2025-05-08 17:32:26
file-3kkUt86jDbC6EhTo8oeWkt,2025-05-10 11:37:18,completed,262433,,800,400,"{
  ""filename"": ""SA Disability Inclusion Act 2018_OLD.pdf"",
  ""category"": ""State and Territory Policies (AUSTRALIA)"",
  ""url"": ""https://www.legislation.sa.gov.au/__legislation/lz/c/a/disability%20inclusion%20act%202018/current/2018.1.auth.pdf"",
  ""version"": ""OLD"",
  ""last_modified"": ""2025-05-08 17:32:26""
}",5,SA Disability Inclusion Act 2018_OLD.pdf,State and Territory Policies (AUSTRALIA),https://www.legislation.sa.gov.au/__legislation/lz/c/a/disability%20inclusion%20act%202018/current/2018.1.auth.pdf,OLD,2025-05-08 17:32:26
file-8PvDwsztF3RFH6kUFwYtyL,2025-05-10 11:37:16,completed,90162,,800,400,"{
  ""filename"": ""Reasonable Adjustments Guide (QLD)_OLD.pdf"",
  ""category"": ""State and Territory Policies (AUSTRALIA)"",
  ""url"": ""https://desbt.qld.gov.au/__data/assets/pdf_file/0028/8299/reasonable-adjustment-for-web.pdf"",
  ""version"": ""OLD"",
  ""last_modified"": ""2025-05-08 17:32:16""
}",5,Reasonable Adjustments Guide (QLD)_OLD.pdf,State and Territory Policies (AUSTRALIA),https://desbt.qld.gov.au/__data/assets/pdf_file/0028/8299/reasonable-adjustment-for-web.pdf,OLD,2025-05-08 17:32:16
file-6rCKhRTT8sgwwqphSzpYc7,2025-05-10 11:37:15,completed,923949,,800,400,"{
  ""filename"": ""QLD Disability Services Act 2006_OLD.pdf"",
  ""category"": ""State and Territory Policies (AUSTRALIA)"",
  ""url"": ""https://www.legislation.qld.gov.au/view/html/inforce/current/act-2006-012"",
  ""version"": ""OLD"",
  ""last_modified"": ""2025-05-08 17:32:25""
}",5,QLD Disability Services Act 2006_OLD.pdf,State and Territory Policies (AUSTRALIA),https://www.legislation.qld.gov.au/view/html/inforce/current/act-2006-012,OLD,2025-05-08 17:32:25
file-By8V8jDTEqajoqSQBqQnxX,2025-05-10 11:37:12,completed,138677,,800,400,"{
  ""filename"": ""NT Disability Services Act 1993_OLD.pdf"",
  ""category"": ""State and Territory Policies (AUSTRALIA)"",
  ""url"": ""https://legislation.nt.gov.au/en/Legislation/DISABILITY-SERVICES-ACT-1993"",
  ""version"": ""OLD"",
  ""last_modified"": ""2025-05-08 17:32:17""
}",5,NT Disability Services Act 1993_OLD.pdf,State and Territory Policies (AUSTRALIA),https://legislation.nt.gov.au/en/Legislation/DISABILITY-SERVICES-ACT-1993,OLD,2025-05-08 17:32:17
file-EzpjqqSaNWqD36Uw3uJaim,2025-05-10 11:37:11,completed,16962,,800,400,"{
  ""filename"": ""NSW Inclusive Education Statement_OLD.pdf"",
  ""category"": ""State and Territory Policies (AUSTRALIA)"",
  ""url"": ""https://education.nsw.gov.au/content/dam/main-education/teaching-and-learning/disability-learning-and-support/our-disability-strategy/inclusive-education/Inclusive-Education-Statement.pdf"",
  ""version"": ""OLD"",
  ""last_modified"": ""2025-05-08 17:32:16""
}",5,NSW Inclusive Education Statement_OLD.pdf,State and Territory Policies (AUSTRALIA),https://education.nsw.gov.au/content/dam/main-education/teaching-and-learning/disability-learning-and-support/our-disability-strategy/inclusive-education/Inclusive-Education-Statement.pdf,OLD,2025-05-08 17:32:16
file-XA2NnYQ7bdLSpb9fncZ8vv,2025-05-10 11:37:09,completed,71282,,800,400,"{
  ""filename"": ""NSW Disability Inclusion Education Policy_2014_OLD.pdf"",
  ""category"": ""State and Territory Policies (AUSTRALIA)"",
  ""url"": ""https://legislation.nsw.gov.au/view/whole/pdf/inforce/2023-07-01/act-2014-041"",
  ""version"": ""OLD"",
  ""last_modified"": ""2025-05-08 17:32:17""
}",5,NSW Disability Inclusion Education Policy_2014_OLD.pdf,State and Territory Policies (AUSTRALIA),https://legislation.nsw.gov.au/view/whole/pdf/inforce/2023-07-01/act-2014-041,OLD,2025-05-08 17:32:17
file-KUaGwURCd47X17xGTXRfsP,2025-05-10 11:37:08,completed,71619,,800,400,"{
  ""filename"": ""NSW Disability Inclusion Act 2014_OLD.pdf"",
  ""category"": ""State and Territory Policies (AUSTRALIA)"",
  ""url"": ""https://legislation.nsw.gov.au/view/html/inforce/current/act-2014-041"",
  ""version"": ""OLD"",
  ""last_modified"": ""2025-05-08 17:32:17""
}",5,NSW Disability Inclusion Act 2014_OLD.pdf,State and Territory Policies (AUSTRALIA),https://legislation.nsw.gov.au/view/html/inforce/current/act-2014-041,OLD,2025-05-08 17:32:17
file-8oeFMgJC46CfNVd57BwKwE,2025-05-10 11:37:06,completed,433650,,800,400,"{
  ""filename"": ""Information Privacy Act 2009-QLD_NEW.pdf"",
  ""category"": ""State and Territory Policies (AUSTRALIA)"",
  ""url"": """",
  ""version"": ""NEW"",
  ""last_modified"": ""2025-05-08 13:18:35""
}",5,Information Privacy Act 2009-QLD_NEW.pdf,State and Territory Policies (AUSTRALIA),,NEW,2025-05-08 13:18:35
file-8fyrs79UDZ8fzqctDbZBa1,2025-05-10 11:37:05,completed,25872,,800,400,"{
  ""filename"": ""Inclusive Education Policy (QLD)_OLD.pdf"",
  ""category"": ""State and Territory Policies (AUSTRALIA)"",
  ""url"": ""https://ppr.qed.qld.gov.au/attachment/inclusive-education-policy.pdf"",
  ""version"": ""OLD"",
  ""last_modified"": ""2025-05-08 17:32:17""
}",5,Inclusive Education Policy (QLD)_OLD.pdf,State and Territory Policies (AUSTRALIA),https://ppr.qed.qld.gov.au/attachment/inclusive-education-policy.pdf,OLD,2025-05-08 17:32:17
file-JjKD2Wt1Rz2J4QxN8ZxnGZ,2025-05-10 11:37:01,completed,157748,,800,400,"{
  ""filename"": ""Human Rights Act 2019-qld_NEW.pdf"",
  ""category"": ""State and Territory Policies (AUSTRALIA)"",
  ""url"": """",
  ""version"": ""NEW"",
  ""last_modified"": ""2025-05-08 13:12:44""
}",5,Human Rights Act 2019-qld_NEW.pdf,State and Territory Policies (AUSTRALIA),,NEW,2025-05-08 13:12:44
file-UcBRHDRgk2X5uk8Qu4VTMY,2025-05-10 11:37:00,completed,723604,,800,400,"{
  ""filename"": ""Education and Care Services National Law (Queensland)_NEW.pdf"",
  ""category"": ""State and Territory Policies (AUSTRALIA)"",
  ""url"": """",
  ""version"": ""NEW"",
  ""last_modified"": ""2025-05-08 13:17:36""
}",5,Education and Care Services National Law (Queensland)_NEW.pdf,State and Territory Policies (AUSTRALIA),,NEW,2025-05-08 13:17:36
file-QgE8AMTW8uNxzBBMJBJQsg,2025-05-10 11:36:58,completed,448428,,800,400,"{
  ""filename"": ""Education and Care Services Act 2013-QLD_NEW.pdf"",
  ""category"": ""State and Territory Policies (AUSTRALIA)"",
  ""url"": """",
  ""version"": ""NEW"",
  ""last_modified"": ""2025-05-08 13:17:36""
}",5,Education and Care Services Act 2013-QLD_NEW.pdf,State and Territory Policies (AUSTRALIA),,NEW,2025-05-08 13:17:36
file-SHZjsKDL75JHXDRmiUiBVY,2025-05-10 11:36:57,completed,809691,,800,400,"{
  ""filename"": ""Education (General Provisions) Act 2006-QLD_NEW.pdf"",
  ""category"": ""State and Territory Policies (AUSTRALIA)"",
  ""url"": """",
  ""version"": ""NEW"",
  ""last_modified"": ""2025-05-08 13:17:36""
}",5,Education (General Provisions) Act 2006-QLD_NEW.pdf,State and Territory Policies (AUSTRALIA),,NEW,2025-05-08 13:17:36
file-MvCd4Zk1Gju6Y9LzaF9ygM,2025-05-10 11:36:55,completed,311486,,800,400,"{
  ""filename"": ""Education (Accreditation of Non-State Schools) Act 2017-QLD_NEW.pdf"",
  ""category"": ""State and Territory Policies (AUSTRALIA)"",
  ""url"": """",
  ""version"": ""NEW"",
  ""last_modified"": ""2025-05-08 13:09:00""
}",5,Education (Accreditation of Non-State Schools) Act 2017-QLD_NEW.pdf,State and Territory Policies (AUSTRALIA),,NEW,2025-05-08 13:09:00
file-CTqyESy9GRsfqBaNJs7GZw,2025-05-10 11:36:53,completed,77077,,800,400,"{
  ""filename"": ""Disability Standards for Education 2005 - Federal Register of Legislation_NEW.pdf"",
  ""category"": ""State and Territory Policies (AUSTRALIA)"",
  ""url"": """",
  ""version"": ""NEW"",
  ""last_modified"": ""2025-05-08 13:09:00""
}",5,Disability Standards for Education 2005 - Federal Register of Legislation_NEW.pdf,State and Territory Policies (AUSTRALIA),,NEW,2025-05-08 13:09:00
file-V39ErCRor3Lyv3ahurPV5K,2025-05-10 11:36:52,completed,98679,,800,400,"{
  ""filename"": ""Disability Services Regulation 2017-QLD_NEW.pdf"",
  ""category"": ""State and Territory Policies (AUSTRALIA)"",
  ""url"": """",
  ""version"": ""NEW"",
  ""last_modified"": ""2025-05-08 13:17:36""
}",5,Disability Services Regulation 2017-QLD_NEW.pdf,State and Territory Policies (AUSTRALIA),,NEW,2025-05-08 13:17:36
file-HicZzkckrgei63KnGNPJjQ,2025-05-10 11:36:50,completed,923927,,800,400,"{
  ""filename"": ""Disability Services Act 2006-QLD_NEW.pdf"",
  ""category"": ""State and Territory Policies (AUSTRALIA)"",
  ""url"": """",
  ""version"": ""NEW"",
  ""last_modified"": ""2025-05-08 13:09:00""
}",5,Disability Services Act 2006-QLD_NEW.pdf,State and Territory Policies (AUSTRALIA),,NEW,2025-05-08 13:09:00
file-R8ocVQWVj2jbQijPLinzCi,2025-05-10 11:36:48,completed,81467,,800,400,"{
  ""filename"": ""Disability Inclusion Action Plan-nsw_NEW.pdf"",
  ""category"": ""State and Territory Policies (AUSTRALIA)"",
  ""url"": """",
  ""version"": ""NEW"",
  ""last_modified"": ""2025-05-08 13:17:36""
}",5,Disability Inclusion Action Plan-nsw_NEW.pdf,State and Territory Policies (AUSTRALIA),,NEW,2025-05-08 13:17:36
file-PxPUyB5mdT2GQ5t38kZJdN,2025-05-10 11:36:46,completed,58033,,800,400,"{
  ""filename"": ""Disability Inclusion Act 2014 No 41 - NSW Legislation_NEW.pdf"",
  ""category"": ""State and Territory Policies (AUSTRALIA)"",
  ""url"": """",
  ""version"": ""NEW"",
  ""last_modified"": ""2025-05-08 13:09:00""
}",5,Disability Inclusion Act 2014 No 41 - NSW Legislation_NEW.pdf,State and Territory Policies (AUSTRALIA),,NEW,2025-05-08 13:09:00
file-UNMPyr56h562F5L2MpuABc,2025-05-10 11:36:45,completed,16955,,800,400,"{
  ""filename"": ""Disability Advocacy Summary_NEW.pdf"",
  ""category"": ""State and Territory Policies (AUSTRALIA)"",
  ""url"": """",
  ""version"": ""NEW"",
  ""last_modified"": ""2025-05-08 13:17:36""
}",5,Disability Advocacy Summary_NEW.pdf,State and Territory Policies (AUSTRALIA),,NEW,2025-05-08 13:17:36
file-5Tn7BTBC2EMorqKwDqQSY5,2025-05-10 11:36:43,completed,166122,,800,400,"{
  ""filename"": ""DIAP Guidelines 2022_NEW.pdf"",
  ""category"": ""State and Territory Policies (AUSTRALIA)"",
  ""url"": """",
  ""version"": ""NEW"",
  ""last_modified"": ""2025-05-08 13:17:36""
}",5,DIAP Guidelines 2022_NEW.pdf,State and Territory Policies (AUSTRALIA),,NEW,2025-05-08 13:17:36
file-W98q8hyaid7GDLVE2i2EEg,2025-05-10 11:36:40,completed,173672,,800,400,"{
  ""filename"": ""DCJ Disability Inclusion Action Plan 2020-2024_NEW.pdf"",
  ""category"": ""State and Territory Policies (AUSTRALIA)"",
  ""url"": """",
  ""version"": ""NEW"",
  ""last_modified"": ""2025-05-08 13:17:07""
}",5,DCJ Disability Inclusion Action Plan 2020-2024_NEW.pdf,State and Territory Policies (AUSTRALIA),,NEW,2025-05-08 13:17:07
file-CjepScZYdEY2YiqTwsYeLz,2025-05-10 11:36:38,completed,24123,,800,400,"{
  ""filename"": ""Carers (Recognition) Act 2008-qld_NEW.pdf"",
  ""category"": ""State and Territory Policies (AUSTRALIA)"",
  ""url"": """",
  ""version"": ""NEW"",
  ""last_modified"": ""2025-05-08 13:16:22""
}",5,Carers (Recognition) Act 2008-qld_NEW.pdf,State and Territory Policies (AUSTRALIA),,NEW,2025-05-08 13:16:22
file-AsJfLqW7on6XVWKwna4552,2025-05-10 11:36:37,completed,103963,,800,400,"{
  ""filename"": ""Assistive Technology Guidelines (VIC)_OLD.pdf"",
  ""category"": ""State and Territory Policies (AUSTRALIA)"",
  ""url"": ""https://www.health.vic.gov.au/sites/default/files/2024-01/victorian-aids-and-equipment-program-guidelines-december-2023.pdf"",
  ""version"": ""OLD"",
  ""last_modified"": ""2025-05-08 17:32:21""
}",5,Assistive Technology Guidelines (VIC)_OLD.pdf,State and Territory Policies (AUSTRALIA),https://www.health.vic.gov.au/sites/default/files/2024-01/victorian-aids-and-equipment-program-guidelines-december-2023.pdf,OLD,2025-05-08 17:32:21
file-1wzYxoJNife72SfskDueSy,2025-05-10 11:36:35,completed,17709,,800,400,"{
  ""filename"": ""ACT Disability Services Act 1991_OLD.pdf"",
  ""category"": ""State and Territory Policies (AUSTRALIA)"",
  ""url"": ""https://www.austlii.edu.au/au/legis/vic/hist_act/dsa1991213.pdf"",
  ""version"": ""OLD"",
  ""last_modified"": ""2025-05-08 17:32:19""
}",5,ACT Disability Services Act 1991_OLD.pdf,State and Territory Policies (AUSTRALIA),https://www.austlii.edu.au/au/legis/vic/hist_act/dsa1991213.pdf,OLD,2025-05-08 17:32:19
file-FBi1E68d1wTCxQzcC2jwNK,2025-05-10 11:36:34,completed,6674,,800,400,"{
  ""filename"": ""TeachersTransitionTips_NEW.pdf"",
  ""category"": ""Parent and Teacher Resources"",
  ""url"": """",
  ""version"": ""NEW"",
  ""last_modified"": ""2025-05-08 13:26:41""
}",5,TeachersTransitionTips_NEW.pdf,Parent and Teacher Resources,,NEW,2025-05-08 13:26:41
file-2RJgjsGDSGSqtRygvqmsew,2025-05-10 11:36:32,completed,10582,,800,400,"{
  ""filename"": ""Sub30 Deaf Australia_NEW.pdf"",
  ""category"": ""Parent and Teacher Resources"",
  ""url"": """",
  ""version"": ""NEW"",
  ""last_modified"": ""2025-05-08 13:28:05""
}",5,Sub30 Deaf Australia_NEW.pdf,Parent and Teacher Resources,,NEW,2025-05-08 13:28:05
file-GfD8LBvGkvfnZTTHP1YY5M,2025-05-10 11:36:31,completed,4488,,800,400,"{
  ""filename"": ""StudentSupportMeeting_NEW.pdf"",
  ""category"": ""Parent and Teacher Resources"",
  ""url"": """",
  ""version"": ""NEW"",
  ""last_modified"": ""2025-05-08 13:26:41""
}",5,StudentSupportMeeting_NEW.pdf,Parent and Teacher Resources,,NEW,2025-05-08 13:26:41
file-4Jw8HLsuqjEKsxfEuMtu54,2025-05-10 11:36:29,completed,19531,,800,400,"{
  ""filename"": ""Speech and Language Developmental Milestones_NEW.pdf"",
  ""category"": ""Parent and Teacher Resources"",
  ""url"": """",
  ""version"": ""NEW"",
  ""last_modified"": ""2025-05-08 13:26:41""
}",5,Speech and Language Developmental Milestones_NEW.pdf,Parent and Teacher Resources,,NEW,2025-05-08 13:26:41
file-CjiPuSMWj3D1FLjXGZrSFJ,2025-05-10 11:36:27,completed,10907,,800,400,"{
  ""filename"": ""SelfAdvTF_NEW.pdf"",
  ""category"": ""Parent and Teacher Resources"",
  ""url"": """",
  ""version"": ""NEW"",
  ""last_modified"": ""2025-05-08 13:26:41""
}",5,SelfAdvTF_NEW.pdf,Parent and Teacher Resources,,NEW,2025-05-08 13:26:41
file-Pqkd7JsrEqiQzfjpAGeC6E,2025-05-10 11:36:26,completed,8664,,800,400,"{
  ""filename"": ""SelfAdvSF_NEW.pdf"",
  ""category"": ""Parent and Teacher Resources"",
  ""url"": """",
  ""version"": ""NEW"",
  ""last_modified"": ""2025-05-08 13:26:41""
}",5,SelfAdvSF_NEW.pdf,Parent and Teacher Resources,,NEW,2025-05-08 13:26:41
file-Nt9uUHT1JvM2e5tojkS8qA,2025-05-10 11:36:25,completed,14594,,800,400,"{
  ""filename"": ""School Staff_Tips for Teachers_NEW.pdf"",
  ""category"": ""Parent and Teacher Resources"",
  ""url"": """",
  ""version"": ""NEW"",
  ""last_modified"": ""2025-05-08 13:26:41""
}",5,School Staff_Tips for Teachers_NEW.pdf,Parent and Teacher Resources,,NEW,2025-05-08 13:26:41
file-HqzKeANZvyvDuPzg5XNgcY,2025-05-10 11:36:23,completed,12105,,800,400,"{
  ""filename"": ""School Staff_Mechanics and types of hearing loss_NEW.pdf"",
  ""category"": ""Parent and Teacher Resources"",
  ""url"": """",
  ""version"": ""NEW"",
  ""last_modified"": ""2025-05-08 13:28:05""
}",5,School Staff_Mechanics and types of hearing loss_NEW.pdf,Parent and Teacher Resources,,NEW,2025-05-08 13:28:05
file-Syp1bRaN7ZTCRYsJhBBKbf,2025-05-10 11:36:22,completed,12223,,800,400,"{
  ""filename"": ""School Staff_Hearing loss and education outcomes_NEW.pdf"",
  ""category"": ""Parent and Teacher Resources"",
  ""url"": """",
  ""version"": ""NEW"",
  ""last_modified"": ""2025-05-08 13:26:41""
}",5,School Staff_Hearing loss and education outcomes_NEW.pdf,Parent and Teacher Resources,,NEW,2025-05-08 13:26:41
file-32u42jEjRA7izPGx9RpSF9,2025-05-10 11:36:20,completed,29327,,800,400,"{
  ""filename"": ""School Staff _Hearing loss and Social and Emotional Learning_NEW.pdf"",
  ""category"": ""Parent and Teacher Resources"",
  ""url"": """",
  ""version"": ""NEW"",
  ""last_modified"": ""2025-05-08 13:26:41""
}",5,School Staff _Hearing loss and Social and Emotional Learning_NEW.pdf,Parent and Teacher Resources,,NEW,2025-05-08 13:26:41
file-9cf4RkQZuaYvJcVFtUBagg,2025-05-10 11:36:19,completed,7409,,800,400,"{
  ""filename"": ""PossibleTimelines_NEW.pdf"",
  ""category"": ""Parent and Teacher Resources"",
  ""url"": """",
  ""version"": ""NEW"",
  ""last_modified"": ""2025-05-08 13:26:41""
}",5,PossibleTimelines_NEW.pdf,Parent and Teacher Resources,,NEW,2025-05-08 13:26:41
file-GVEJCaxSZpbZTPmqEM8aZP,2025-05-10 11:36:17,completed,96129,,800,400,"{
  ""filename"": ""PMatrixPRNT36+_NEW.pdf"",
  ""category"": ""Parent and Teacher Resources"",
  ""url"": """",
  ""version"": ""NEW"",
  ""last_modified"": ""2025-05-08 13:26:41""
}",5,PMatrixPRNT36+_NEW.pdf,Parent and Teacher Resources,,NEW,2025-05-08 13:26:41
file-FR7VsJTGuug1XFF7o3iUbo,2025-05-10 11:36:15,completed,6257,,800,400,"{
  ""filename"": ""parenttake-aways_08-visual-lang-dev_NEW.pdf"",
  ""category"": ""Parent and Teacher Resources"",
  ""url"": """",
  ""version"": ""NEW"",
  ""last_modified"": ""2025-05-08 13:25:49""
}",5,parenttake-aways_08-visual-lang-dev_NEW.pdf,Parent and Teacher Resources,,NEW,2025-05-08 13:25:49
file-1uxKjqRVd7aYnBDKXKtECZ,2025-05-10 11:36:13,completed,6027,,800,400,"{
  ""filename"": ""parenttake-aways_07-social-emotional_NEW.pdf"",
  ""category"": ""Parent and Teacher Resources"",
  ""url"": """",
  ""version"": ""NEW"",
  ""last_modified"": ""2025-05-08 13:25:49""
}",5,parenttake-aways_07-social-emotional_NEW.pdf,Parent and Teacher Resources,,NEW,2025-05-08 13:25:49
file-FkUhsjgtL4nTCBLSeHmrpA,2025-05-10 11:36:11,completed,6202,,800,400,"{
  ""filename"": ""parenttake-aways_06-lang-syntax-morphology_NEW.pdf"",
  ""category"": ""Parent and Teacher Resources"",
  ""url"": """",
  ""version"": ""NEW"",
  ""last_modified"": ""2025-05-08 13:25:49""
}",5,parenttake-aways_06-lang-syntax-morphology_NEW.pdf,Parent and Teacher Resources,,NEW,2025-05-08 13:25:49
file-TZTPH19AhADhfn66aARS63,2025-05-10 11:36:09,completed,6293,,800,400,"{
  ""filename"": ""parenttake-aways_05-lang-semantics_NEW.pdf"",
  ""category"": ""Parent and Teacher Resources"",
  ""url"": """",
  ""version"": ""NEW"",
  ""last_modified"": ""2025-05-08 13:25:49""
}",5,parenttake-aways_05-lang-semantics_NEW.pdf,Parent and Teacher Resources,,NEW,2025-05-08 13:25:49
file-VN83ZvYhm1CPzFpSMtpovU,2025-05-10 11:36:07,completed,5891,,800,400,"{
  ""filename"": ""parenttake-aways_04-lang-pragmatics_NEW.pdf"",
  ""category"": ""Parent and Teacher Resources"",
  ""url"": """",
  ""version"": ""NEW"",
  ""last_modified"": ""2025-05-08 13:25:49""
}",5,parenttake-aways_04-lang-pragmatics_NEW.pdf,Parent and Teacher Resources,,NEW,2025-05-08 13:25:49
file-4pG53tzXX8RZGJaAq9FcWq,2025-05-10 11:36:05,completed,5784,,800,400,"{
  ""filename"": ""parenttake-aways_02-early-literacy_NEW.pdf"",
  ""category"": ""Parent and Teacher Resources"",
  ""url"": """",
  ""version"": ""NEW"",
  ""last_modified"": ""2025-05-08 13:25:49""
}",5,parenttake-aways_02-early-literacy_NEW.pdf,Parent and Teacher Resources,,NEW,2025-05-08 13:25:49
file-TjZQ3qNoeUsAz66dchmrfy,2025-05-10 11:36:03,completed,6083,,800,400,"{
  ""filename"": ""parenttake-aways_01-cognitive_NEW.pdf"",
  ""category"": ""Parent and Teacher Resources"",
  ""url"": """",
  ""version"": ""NEW"",
  ""last_modified"": ""2025-05-08 13:25:49""
}",5,parenttake-aways_01-cognitive_NEW.pdf,Parent and Teacher Resources,,NEW,2025-05-08 13:25:49
file-HCrYh2FHonbBjsvofT2Pg8,2025-05-10 11:36:01,completed,31372,,800,400,"{
  ""filename"": ""Parents_Effective commuication skills_NEW.pdf"",
  ""category"": ""Parent and Teacher Resources"",
  ""url"": """",
  ""version"": ""NEW"",
  ""last_modified"": ""2025-05-08 13:25:49""
}",5,Parents_Effective commuication skills_NEW.pdf,Parent and Teacher Resources,,NEW,2025-05-08 13:25:49
file-1tFRkdwE4Sntxw1fJowBNQ,2025-05-10 11:35:59,completed,28813,,800,400,"{
  ""filename"": ""parents-guide_NEW.pdf"",
  ""category"": ""Parent and Teacher Resources"",
  ""url"": """",
  ""version"": ""NEW"",
  ""last_modified"": ""2025-05-08 13:28:05""
}",5,parents-guide_NEW.pdf,Parent and Teacher Resources,,NEW,2025-05-08 13:28:05
file-S7Hzt8iv4EkDLuVzeTjqbm,2025-05-10 11:35:55,completed,22278,,800,400,"{
  ""filename"": ""Parents - Managing Emotions_NEW.pdf"",
  ""category"": ""Parent and Teacher Resources"",
  ""url"": """",
  ""version"": ""NEW"",
  ""last_modified"": ""2025-05-08 13:25:44""
}",5,Parents - Managing Emotions_NEW.pdf,Parent and Teacher Resources,,NEW,2025-05-08 13:25:44
file-FFYnPegY7V7Grp5fn92Er2,2025-05-10 11:35:53,completed,34221,,800,400,"{
  ""filename"": ""Parent resources_Internet and social media_NEW.pdf"",
  ""category"": ""Parent and Teacher Resources"",
  ""url"": """",
  ""version"": ""NEW"",
  ""last_modified"": ""2025-05-08 13:25:44""
}",5,Parent resources_Internet and social media_NEW.pdf,Parent and Teacher Resources,,NEW,2025-05-08 13:25:44
file-JbdvSN2PGZYPoKzVQXTfiX,2025-05-10 11:35:51,completed,8303,,800,400,"{
  ""filename"": ""Parent resources_Identity formation and self image_NEW.pdf"",
  ""category"": ""Parent and Teacher Resources"",
  ""url"": """",
  ""version"": ""NEW"",
  ""last_modified"": ""2025-05-08 13:25:44""
}",5,Parent resources_Identity formation and self image_NEW.pdf,Parent and Teacher Resources,,NEW,2025-05-08 13:25:44
file-GmjpcQrNfNAdAfjqsTq3Xg,2025-05-10 11:35:49,completed,10309,,800,400,"{
  ""filename"": ""Parent resources_Hearing loss and social and emotional needs of children_NEW.pdf"",
  ""category"": ""Parent and Teacher Resources"",
  ""url"": """",
  ""version"": ""NEW"",
  ""last_modified"": ""2025-05-08 13:28:05""
}",5,Parent resources_Hearing loss and social and emotional needs of children_NEW.pdf,Parent and Teacher Resources,,NEW,2025-05-08 13:28:05
file-7kk9v1oVBMHFUpN6AezQAT,2025-05-10 11:35:47,completed,11207,,800,400,"{
  ""filename"": ""Parent resources_Friendships_NEW.pdf"",
  ""category"": ""Parent and Teacher Resources"",
  ""url"": """",
  ""version"": ""NEW"",
  ""last_modified"": ""2025-05-08 13:25:44""
}",5,Parent resources_Friendships_NEW.pdf,Parent and Teacher Resources,,NEW,2025-05-08 13:25:44
file-LCFSNjfMQPeKJ7GvYr8a5r,2025-05-10 11:35:45,completed,10062,,800,400,"{
  ""filename"": ""Parent resources_Communicating with the school_NEW.pdf"",
  ""category"": ""Parent and Teacher Resources"",
  ""url"": """",
  ""version"": ""NEW"",
  ""last_modified"": ""2025-05-08 13:28:05""
}",5,Parent resources_Communicating with the school_NEW.pdf,Parent and Teacher Resources,,NEW,2025-05-08 13:28:05
file-QPhWaowvFMsL7G3HXkeFfj,2025-05-10 11:35:44,completed,32708,,800,400,"{
  ""filename"": ""Parent resources_Bullying prevention_NEW.pdf"",
  ""category"": ""Parent and Teacher Resources"",
  ""url"": """",
  ""version"": ""NEW"",
  ""last_modified"": ""2025-05-08 13:25:44""
}",5,Parent resources_Bullying prevention_NEW.pdf,Parent and Teacher Resources,,NEW,2025-05-08 13:25:44
file-6tB89kbg4QhQXRFjjWhpgx,2025-05-10 11:35:41,completed,6322,,800,400,"{
  ""filename"": ""Parent - Parent and family Communication_NEW.pdf"",
  ""category"": ""Parent and Teacher Resources"",
  ""url"": """",
  ""version"": ""NEW"",
  ""last_modified"": ""2025-05-08 13:25:44""
}",5,Parent - Parent and family Communication_NEW.pdf,Parent and Teacher Resources,,NEW,2025-05-08 13:25:44
file-NGqcpfFXCtdKiAUA5ppCJX,2025-05-10 11:35:40,completed,31734,,800,400,"{
  ""filename"": ""P2Psupportactivities_wellbeing_NEW.pdf"",
  ""category"": ""Parent and Teacher Resources"",
  ""url"": """",
  ""version"": ""NEW"",
  ""last_modified"": ""2025-05-08 13:25:44""
}",5,P2Psupportactivities_wellbeing_NEW.pdf,Parent and Teacher Resources,,NEW,2025-05-08 13:25:44
file-9Be7dPnt7VpuPDRGnwQTBj,2025-05-10 11:35:38,completed,108742,,800,400,"{
  ""filename"": ""P2Psupportactivities_NEW.pdf"",
  ""category"": ""Parent and Teacher Resources"",
  ""url"": """",
  ""version"": ""NEW"",
  ""last_modified"": ""2025-05-08 13:25:44""
}",5,P2Psupportactivities_NEW.pdf,Parent and Teacher Resources,,NEW,2025-05-08 13:25:44
file-UXiCvEp8A6E62AQ3FWvthQ,2025-05-10 11:35:35,completed,37014,,800,400,"{
  ""filename"": ""P2Psupportactivities_knowledge_NEW.pdf"",
  ""category"": ""Parent and Teacher Resources"",
  ""url"": """",
  ""version"": ""NEW"",
  ""last_modified"": ""2025-05-08 13:25:44""
}",5,P2Psupportactivities_knowledge_NEW.pdf,Parent and Teacher Resources,,NEW,2025-05-08 13:25:44
file-ShWfTjRHTW4wHtKjYok3Gk,2025-05-10 11:35:33,completed,23116,,800,400,"{
  ""filename"": ""P2Psupportactivities_empowerment_NEW.pdf"",
  ""category"": ""Parent and Teacher Resources"",
  ""url"": """",
  ""version"": ""NEW"",
  ""last_modified"": ""2025-05-08 13:25:44""
}",5,P2Psupportactivities_empowerment_NEW.pdf,Parent and Teacher Resources,,NEW,2025-05-08 13:25:44
file-JHHNAdK79Ku5TBw3EzUHhr,2025-05-10 11:35:31,completed,115502,,800,400,"{
  ""filename"": ""OpeningDoors-WAFDC_NEW.pdf"",
  ""category"": ""Parent and Teacher Resources"",
  ""url"": """",
  ""version"": ""NEW"",
  ""last_modified"": ""2025-05-08 13:28:05""
}",5,OpeningDoors-WAFDC_NEW.pdf,Parent and Teacher Resources,,NEW,2025-05-08 13:28:05
file-Bb8jNr51L4Jxpw73fzzKjm,2025-05-10 11:35:29,completed,24172,,800,400,"{
  ""filename"": ""NAP - Adjustments for students with disability_NEW.pdf"",
  ""category"": ""Parent and Teacher Resources"",
  ""url"": """",
  ""version"": ""NEW"",
  ""last_modified"": ""2025-05-08 13:14:42""
}",5,NAP - Adjustments for students with disability_NEW.pdf,Parent and Teacher Resources,,NEW,2025-05-08 13:14:42
file-83yWc7uNdGBaUYWvdYhqv7,2025-05-10 11:35:28,completed,8521,,800,400,"{
  ""filename"": ""Microsoft Word - ZoomFriendlyIdeas.doc_NEW.pdf"",
  ""category"": ""Parent and Teacher Resources"",
  ""url"": """",
  ""version"": ""NEW"",
  ""last_modified"": ""2025-05-08 13:25:22""
}",5,Microsoft Word - ZoomFriendlyIdeas.doc_NEW.pdf,Parent and Teacher Resources,,NEW,2025-05-08 13:25:22
file-1Ek7pBXFUHPKc15GkbWbPX,2025-05-10 11:35:27,completed,11076,,800,400,"{
  ""filename"": ""Microsoft Word - self.advocacy.inventory_NEW.pdf"",
  ""category"": ""Parent and Teacher Resources"",
  ""url"": """",
  ""version"": ""NEW"",
  ""last_modified"": ""2025-05-08 13:25:22""
}",5,Microsoft Word - self.advocacy.inventory_NEW.pdf,Parent and Teacher Resources,,NEW,2025-05-08 13:25:22
file-DjSYM5HKRit28aEmmM7mCr,2025-05-10 11:35:25,completed,2590,,800,400,"{
  ""filename"": ""Microsoft Word - preschool eval form.doc_NEW.pdf"",
  ""category"": ""Parent and Teacher Resources"",
  ""url"": """",
  ""version"": ""NEW"",
  ""last_modified"": ""2025-05-08 13:25:22""
}",5,Microsoft Word - preschool eval form.doc_NEW.pdf,Parent and Teacher Resources,,NEW,2025-05-08 13:25:22
file-3rJpevvn3XgT49XgNaXio6,2025-05-10 11:35:24,completed,6484,,800,400,"{
  ""filename"": ""IEP CHECKLIST_ RECOMMENDED ACCOMMODATIONS_NEW.pdf"",
  ""category"": ""Parent and Teacher Resources"",
  ""url"": """",
  ""version"": ""NEW"",
  ""last_modified"": ""2025-05-08 13:24:52""
}",5,IEP CHECKLIST_ RECOMMENDED ACCOMMODATIONS_NEW.pdf,Parent and Teacher Resources,,NEW,2025-05-08 13:24:52
file-FLvqRJVUwd7wFKDBGJQ4oP,2025-05-10 11:35:22,completed,12754,,800,400,"{
  ""filename"": ""How listener friendly is your _Aussiedeafkids_OLD.pdf"",
  ""category"": ""Parent and Teacher Resources"",
  ""url"": ""https://www.aussiedeafkids.org.au/resources/education/information-for-your-childs-teacher/how-listener-friendly-is-your-classroom/"",
  ""version"": ""OLD"",
  ""last_modified"": ""2025-05-08 17:32:18""
}",5,How listener friendly is your _Aussiedeafkids_OLD.pdf,Parent and Teacher Resources,https://www.aussiedeafkids.org.au/resources/education/information-for-your-childs-teacher/how-listener-friendly-is-your-classroom/,OLD,2025-05-08 17:32:18
file-2dPATziXwr1hQDUrPuth6c,2025-05-10 11:35:21,completed,211912,,800,400,"{
  ""filename"": ""Handbook layout pages_NEW.pdf"",
  ""category"": ""Parent and Teacher Resources"",
  ""url"": """",
  ""version"": ""NEW"",
  ""last_modified"": ""2025-05-08 13:24:52""
}",5,Handbook layout pages_NEW.pdf,Parent and Teacher Resources,,NEW,2025-05-08 13:24:52
file-CpJ5JTLtwGCThRWSVNuptx,2025-05-10 11:35:19,completed,95876,,800,400,"{
  ""filename"": ""Guide_parents_professionals_partnerships_NEW.pdf"",
  ""category"": ""Parent and Teacher Resources"",
  ""url"": """",
  ""version"": ""NEW"",
  ""last_modified"": ""2025-05-08 13:22:34""
}",5,Guide_parents_professionals_partnerships_NEW.pdf,Parent and Teacher Resources,,NEW,2025-05-08 13:22:34
file-QHXpyTX3SX2fa6KWSeGJvs,2025-05-10 11:35:17,completed,51704,,800,400,"{
  ""filename"": ""Front cover_NEW.pdf"",
  ""category"": ""Parent and Teacher Resources"",
  ""url"": """",
  ""version"": ""NEW"",
  ""last_modified"": ""2025-05-08 13:28:05""
}",5,Front cover_NEW.pdf,Parent and Teacher Resources,,NEW,2025-05-08 13:28:05
file-Qjk4DnNdNK71apBQUTURB1,2025-05-10 11:35:15,completed,6274,,800,400,"{
  ""filename"": ""FamilyTransitionTips_NEW.pdf"",
  ""category"": ""Parent and Teacher Resources"",
  ""url"": """",
  ""version"": ""NEW"",
  ""last_modified"": ""2025-05-08 13:22:34""
}",5,FamilyTransitionTips_NEW.pdf,Parent and Teacher Resources,,NEW,2025-05-08 13:22:34
file-EJHi7wAwTEYe44eQ5aiVY5,2025-05-10 11:35:11,completed,3219,,800,400,"{
  ""filename"": ""Family Tip Sheet_NEW.pdf"",
  ""category"": ""Parent and Teacher Resources"",
  ""url"": """",
  ""version"": ""NEW"",
  ""last_modified"": ""2025-05-08 13:22:34""
}",5,Family Tip Sheet_NEW.pdf,Parent and Teacher Resources,,NEW,2025-05-08 13:22:34
file-FvBcTWCNoDrTL8vBnngi3x,2025-05-10 11:35:10,completed,14909,,800,400,"{
  ""filename"": ""EA-VRI-guide-full-booklet-Final_NEW.pdf"",
  ""category"": ""Parent and Teacher Resources"",
  ""url"": """",
  ""version"": ""NEW"",
  ""last_modified"": ""2025-05-08 13:28:05""
}",5,EA-VRI-guide-full-booklet-Final_NEW.pdf,Parent and Teacher Resources,,NEW,2025-05-08 13:28:05
file-2rZQVTcjErUrunPw7dRZBj,2025-05-10 11:35:08,completed,59672,,800,400,"{
  ""filename"": ""DHH-Plus_connecting-families_NEW.pdf"",
  ""category"": ""Parent and Teacher Resources"",
  ""url"": """",
  ""version"": ""NEW"",
  ""last_modified"": ""2025-05-08 13:22:14""
}",5,DHH-Plus_connecting-families_NEW.pdf,Parent and Teacher Resources,,NEW,2025-05-08 13:22:14
file-2FdBR1EcthenwmfMBqugUF,2025-05-10 11:35:05,completed,45590,,800,400,"{
  ""filename"": ""deaf-deaf_mhfa_guidelines_-_march_2020__NEW.pdf"",
  ""category"": ""Parent and Teacher Resources"",
  ""url"": """",
  ""version"": ""NEW"",
  ""last_modified"": ""2025-05-08 13:28:05""
}",5,deaf-deaf_mhfa_guidelines_-_march_2020__NEW.pdf,Parent and Teacher Resources,,NEW,2025-05-08 13:28:05
file-TWdc8JvFUYjnjGEBaHgvq2,2025-05-10 11:35:04,completed,32018,,800,400,"{
  ""filename"": ""Deaf or Hard of Hearing - A Pre-planning Toolkit_NEW.pdf"",
  ""category"": ""Parent and Teacher Resources"",
  ""url"": """",
  ""version"": ""NEW"",
  ""last_modified"": ""2025-05-08 13:28:05""
}",5,Deaf or Hard of Hearing - A Pre-planning Toolkit_NEW.pdf,Parent and Teacher Resources,,NEW,2025-05-08 13:28:05
file-W7yL78wXYxYCJdfsYTcqGA,2025-05-10 11:35:02,completed,9074,,800,400,"{
  ""filename"": ""Classroom tips_Aussiedeafkids_OLD.pdf"",
  ""category"": ""Parent and Teacher Resources"",
  ""url"": ""https://www.aussiedeafkids.org.au/resources/education/information-for-your-childs-teacher/classroom-tips/"",
  ""version"": ""OLD"",
  ""last_modified"": ""2025-05-08 17:32:18""
}",5,Classroom tips_Aussiedeafkids_OLD.pdf,Parent and Teacher Resources,https://www.aussiedeafkids.org.au/resources/education/information-for-your-childs-teacher/classroom-tips/,OLD,2025-05-08 17:32:18
file-R25w8AECcHT88XZxYLTdcF,2025-05-10 11:35:00,completed,102995,,800,400,"{
  ""filename"": ""badepackage_NEW.pdf"",
  ""category"": ""Parent and Teacher Resources"",
  ""url"": """",
  ""version"": ""NEW"",
  ""last_modified"": ""2025-05-08 13:20:55""
}",5,badepackage_NEW.pdf,Parent and Teacher Resources,,NEW,2025-05-08 13:20:55
file-K3o19bxDFKC5yTbrbJJEX2,2025-05-10 11:34:59,completed,13534,,800,400,"{
  ""filename"": ""What do hearing aids do_Aussiedeafkids_OLD.pdf"",
  ""category"": ""NDIS Access, Assistive Technology and Carer Inclusion"",
  ""url"": ""https://www.aussiedeafkids.org.au/resources/your-childs-hearing/hearing-aids/what-do-hearing-aids-do/"",
  ""version"": ""OLD"",
  ""last_modified"": ""2025-05-08 17:32:19""
}",5,What do hearing aids do_Aussiedeafkids_OLD.pdf,"NDIS Access, Assistive Technology and Carer Inclusion",https://www.aussiedeafkids.org.au/resources/your-childs-hearing/hearing-aids/what-do-hearing-aids-do/,OLD,2025-05-08 17:32:19
file-3EgeTKMqDsFymYsyMRFZWj,2025-05-10 11:34:58,completed,2964,,800,400,"{
  ""filename"": ""Using-technology-at-home_NEW.pdf"",
  ""category"": ""NDIS Access, Assistive Technology and Carer Inclusion"",
  ""url"": """",
  ""version"": ""NEW"",
  ""last_modified"": ""2025-05-08 13:15:32""
}",5,Using-technology-at-home_NEW.pdf,"NDIS Access, Assistive Technology and Carer Inclusion",,NEW,2025-05-08 13:15:32
file-Kn1gw5fSoNrcQxrbqjRTyL,2025-05-10 11:34:56,completed,18152,,800,400,"{
  ""filename"": ""NDIS Supporting Evidence Form_OLD.pdf"",
  ""category"": ""NDIS Access, Assistive Technology and Carer Inclusion"",
  ""url"": ""https://www.ndis.gov.au/media/2376/download"",
  ""version"": ""OLD"",
  ""last_modified"": ""2025-05-08 17:32:32""
}",5,NDIS Supporting Evidence Form_OLD.pdf,"NDIS Access, Assistive Technology and Carer Inclusion",https://www.ndis.gov.au/media/2376/download,OLD,2025-05-08 17:32:32
file-X1Wgccfh2c1BPBx9HfGJ5M,2025-05-10 11:34:55,completed,65316,,800,400,"{
  ""filename"": ""NDIS Access Request Form_OLD.pdf"",
  ""category"": ""NDIS Access, Assistive Technology and Carer Inclusion"",
  ""url"": ""https://www.ndis.gov.au/media/2323/download"",
  ""version"": ""OLD"",
  ""last_modified"": ""2025-05-08 17:32:32""
}",5,NDIS Access Request Form_OLD.pdf,"NDIS Access, Assistive Technology and Carer Inclusion",https://www.ndis.gov.au/media/2323/download,OLD,2025-05-08 17:32:32
file-Wwq5BVM128z4b5xsJvTCXn,2025-05-10 11:34:53,completed,7170,,800,400,"{
  ""filename"": ""Hearing Services Program cultural competency resources_NEW.pdf"",
  ""category"": ""NDIS Access, Assistive Technology and Carer Inclusion"",
  ""url"": """",
  ""version"": ""NEW"",
  ""last_modified"": ""2025-05-08 13:18:26""
}",5,Hearing Services Program cultural competency resources_NEW.pdf,"NDIS Access, Assistive Technology and Carer Inclusion",,NEW,2025-05-08 13:18:26
file-DE15g1TYhS2K4MyWUUxmkd,2025-05-10 11:34:51,completed,103330,,800,400,"{
  ""filename"": ""Hearing Services Program compliance and monitoring support framework_NEW.pdf"",
  ""category"": ""NDIS Access, Assistive Technology and Carer Inclusion"",
  ""url"": """",
  ""version"": ""NEW"",
  ""last_modified"": ""2025-05-08 13:18:22""
}",5,Hearing Services Program compliance and monitoring support framework_NEW.pdf,"NDIS Access, Assistive Technology and Carer Inclusion",,NEW,2025-05-08 13:18:22
file-StChjw2jHBaKQkztivMUgV,2025-05-10 11:34:49,completed,50117,,800,400,"{
  ""filename"": ""Hearing Services Program complaints policy_NEW.pdf"",
  ""category"": ""NDIS Access, Assistive Technology and Carer Inclusion"",
  ""url"": """",
  ""version"": ""NEW"",
  ""last_modified"": ""2025-05-08 13:18:15""
}",5,Hearing Services Program complaints policy_NEW.pdf,"NDIS Access, Assistive Technology and Carer Inclusion",,NEW,2025-05-08 13:18:15
file-MeMBoKFFgLGMcMkDccv9wm,2025-05-10 11:34:48,completed,22402,,800,400,"{
  ""filename"": ""Creating an accessible document_NEW.pdf"",
  ""category"": ""NDIS Access, Assistive Technology and Carer Inclusion"",
  ""url"": """",
  ""version"": ""NEW"",
  ""last_modified"": ""2025-05-08 13:08:15""
}",5,Creating an accessible document_NEW.pdf,"NDIS Access, Assistive Technology and Carer Inclusion",,NEW,2025-05-08 13:08:15
file-Tv465pHQrKzWSb7T33GZfB,2025-05-10 11:34:46,completed,47032,,800,400,"{
  ""filename"": ""A Guide to Understanding Hearing Aid Technology_NEW.pdf"",
  ""category"": ""NDIS Access, Assistive Technology and Carer Inclusion"",
  ""url"": """",
  ""version"": ""NEW"",
  ""last_modified"": ""2025-05-08 13:16:06""
}",5,A Guide to Understanding Hearing Aid Technology_NEW.pdf,"NDIS Access, Assistive Technology and Carer Inclusion",,NEW,2025-05-08 13:16:06
file-N3bUYFMqec9BKF4LxwaGih,2025-05-10 11:34:44,completed,12338,,800,400,"{
  ""filename"": ""deafplus_NEW.pdf"",
  ""category"": ""Misc"",
  ""url"": """",
  ""version"": ""NEW"",
  ""last_modified"": ""2025-05-08 13:21:58""
}",5,deafplus_NEW.pdf,Misc,,NEW,2025-05-08 13:21:58
file-H2pEZNS9eeDRw59he2Ks9M,2025-05-10 11:34:43,completed,19661,,800,400,"{
  ""filename"": ""Speech & Language Development Milestones - NIDCD_OLD.pdf"",
  ""category"": ""Language Development Tools & Assessment Resources for DHH Children"",
  ""url"": ""https://www.nidcd.nih.gov/sites/default/files/Documents/health/voice/NIDCD-Speech-Language-Dev-Milestones.pdf"",
  ""version"": ""OLD"",
  ""last_modified"": ""2025-05-08 17:32:32""
}",5,Speech & Language Development Milestones - NIDCD_OLD.pdf,Language Development Tools & Assessment Resources for DHH Children,https://www.nidcd.nih.gov/sites/default/files/Documents/health/voice/NIDCD-Speech-Language-Dev-Milestones.pdf,OLD,2025-05-08 17:32:32
file-CgaSgUBAsrvcgmeDrZai6R,2025-05-10 11:34:41,completed,6513,,800,400,"{
  ""filename"": ""Setting Language in Motion - Activity Guide_OLD.pdf"",
  ""category"": ""Language Development Tools & Assessment Resources for DHH Children"",
  ""url"": ""https://clerccenter.gallaudet.edu/national-resources/micro-sites/activity-guide-for-professionals/Documents/Clerc Microsite/Activity1.10CommunicationandLanguageMilestones.pdf"",
  ""version"": ""OLD"",
  ""last_modified"": ""2025-05-08 17:32:15""
}",5,Setting Language in Motion - Activity Guide_OLD.pdf,Language Development Tools & Assessment Resources for DHH Children,https://clerccenter.gallaudet.edu/national-resources/micro-sites/activity-guide-for-professionals/Documents/Clerc Microsite/Activity1.10CommunicationandLanguageMilestones.pdf,OLD,2025-05-08 17:32:15
file-3hV1wzW9vSNFf3yoc5u298,2025-05-10 11:34:39,completed,3790,,800,400,"{
  ""filename"": ""Parent Profile Language Milestones (California)_OLD.pdf"",
  ""category"": ""Language Development Tools & Assessment Resources for DHH Children"",
  ""url"": ""https://www.cde.ca.gov/sp/ss/dh/documents/sb210-pamplet.pdf"",
  ""version"": ""OLD"",
  ""last_modified"": ""2025-05-08 17:32:19""
}",5,Parent Profile Language Milestones (California)_OLD.pdf,Language Development Tools & Assessment Resources for DHH Children,https://www.cde.ca.gov/sp/ss/dh/documents/sb210-pamplet.pdf,OLD,2025-05-08 17:32:19
file-FD82TKJ6CvX1cTxFNryeq9,2025-05-10 11:34:34,completed,32706,,800,400,"{
  ""filename"": ""NJ Assessment Guide for Children (Birth-5) Who Are DHH_OLD.pdf"",
  ""category"": ""Language Development Tools & Assessment Resources for DHH Children"",
  ""url"": ""https://www.nj.gov/education/specialed/programs/deaf/docs/NJ Assessment Guide for Children Birth to 5 Years Old who are DHH.pdf"",
  ""version"": ""OLD"",
  ""last_modified"": ""2025-05-08 17:32:32""
}",5,NJ Assessment Guide for Children (Birth-5) Who Are DHH_OLD.pdf,Language Development Tools & Assessment Resources for DHH Children,https://www.nj.gov/education/specialed/programs/deaf/docs/NJ Assessment Guide for Children Birth to 5 Years Old who are DHH.pdf,OLD,2025-05-08 17:32:32
file-6Eh1RRpg4VKqekhWXJNtYH,2025-05-10 11:34:32,completed,82029,,800,400,"{
  ""filename"": ""Montana Language Developmental Milestones_OLD.pdf"",
  ""category"": ""Language Development Tools & Assessment Resources for DHH Children"",
  ""url"": ""https://dphhs.mt.gov/assets/ecfsd/childcare/MilestonesandParentResources.pdf"",
  ""version"": ""OLD"",
  ""last_modified"": ""2025-05-08 17:32:16""
}",5,Montana Language Developmental Milestones_OLD.pdf,Language Development Tools & Assessment Resources for DHH Children,https://dphhs.mt.gov/assets/ecfsd/childcare/MilestonesandParentResources.pdf,OLD,2025-05-08 17:32:16
file-HbLhoiEtYcbKBwhrvac1K3,2025-05-10 11:34:31,completed,22004,,800,400,"{
  ""filename"": ""Language Development and Deaf Children - Deaf Children Australia_OLD.pdf"",
  ""category"": ""Language Development Tools & Assessment Resources for DHH Children"",
  ""url"": ""https://www.deafchildrenaustralia.org.au/wp-content/uploads/2021/06/language-development-deaf-children.pdf"",
  ""version"": ""OLD"",
  ""last_modified"": ""2025-05-08 17:32:20""
}",5,Language Development and Deaf Children - Deaf Children Australia_OLD.pdf,Language Development Tools & Assessment Resources for DHH Children,https://www.deafchildrenaustralia.org.au/wp-content/uploads/2021/06/language-development-deaf-children.pdf,OLD,2025-05-08 17:32:20
file-7sKs6RcyEsQN999epzm3Ve,2025-05-10 11:34:29,in_progress,0,The file could not be parsed because it is empty.,800,400,"{
  ""filename"": ""Language Assessment of Children With Hearing Loss_CANTSCAN_OLD.pdf"",
  ""category"": ""Language Development Tools & Assessment Resources for DHH Children"",
  ""url"": """",
  ""version"": ""OLD"",
  ""last_modified"": ""2025-05-06 20:55:18""
}",5,Language Assessment of Children With Hearing Loss_CANTSCAN_OLD.pdf,Language Development Tools & Assessment Resources for DHH Children,,OLD,2025-05-06 20:55:18
file-6GMSvKTTneDAp3ghhbp3sV,2025-05-10 11:34:25,completed,91830,,800,400,"{
  ""filename"": ""IDEAL Language Milestones English & ASL_OLD.pdf"",
  ""category"": ""Language Development Tools & Assessment Resources for DHH Children"",
  ""url"": ""https://www.in.gov/health/cdhhe/files/ideal-language-milestones-english-american-sign-language.pdf"",
  ""version"": ""OLD"",
  ""last_modified"": ""2025-05-08 17:32:21""
}",5,IDEAL Language Milestones English & ASL_OLD.pdf,Language Development Tools & Assessment Resources for DHH Children,https://www.in.gov/health/cdhhe/files/ideal-language-milestones-english-american-sign-language.pdf,OLD,2025-05-08 17:32:21
file-Jtjcjbgy4XYoMgEXMf7yor,2025-05-10 11:34:22,completed,41809,,800,400,"{
  ""filename"": ""Developmental Milestones - Han_Handsandvoices_OLD.pdf"",
  ""category"": ""Language Development Tools & Assessment Resources for DHH Children"",
  ""url"": """",
  ""version"": ""OLD"",
  ""last_modified"": ""2025-05-06 20:55:31""
}",5,Developmental Milestones - Han_Handsandvoices_OLD.pdf,Language Development Tools & Assessment Resources for DHH Children,,OLD,2025-05-06 20:55:31
file-MTzidfywU7gUjKkJKPjZch,2025-05-10 11:34:19,completed,10583,,800,400,"{
  ""filename"": ""Communication & Language Milestones - Clerc Center_OLD.pdf"",
  ""category"": ""Language Development Tools & Assessment Resources for DHH Children"",
  ""url"": """",
  ""version"": ""OLD"",
  ""last_modified"": ""2025-05-06 21:48:13""
}",5,Communication & Language Milestones - Clerc Center_OLD.pdf,Language Development Tools & Assessment Resources for DHH Children,,OLD,2025-05-06 21:48:13
file-6QfG7iJidFTfdCRAEEGJPx,2025-05-10 11:34:17,completed,32300,,800,400,"{
  ""filename"": ""Assessment Tools for Students Who Are Deaf or Hard of Hearing_OLD.pdf"",
  ""category"": ""Language Development Tools & Assessment Resources for DHH Children"",
  ""url"": ""https://wyominginstructionalnetwork.com/wp-content/uploads/2018/05/Assessment-Tools-for-Students-Who-are-Deaf-and-Hard-of-Hearing.pdf"",
  ""version"": ""OLD"",
  ""last_modified"": ""2025-05-08 17:32:33""
}",5,Assessment Tools for Students Who Are Deaf or Hard of Hearing_OLD.pdf,Language Development Tools & Assessment Resources for DHH Children,https://wyominginstructionalnetwork.com/wp-content/uploads/2018/05/Assessment-Tools-for-Students-Who-are-Deaf-and-Hard-of-Hearing.pdf,OLD,2025-05-08 17:32:33
file-A7v1yNfXc41mqi87mLreFJ,2025-05-10 11:34:15,completed,28543,,800,400,"{
  ""filename"": ""Assessment Resource Guide (Michigan DHH Services)_OLD.pdf"",
  ""category"": ""Language Development Tools & Assessment Resources for DHH Children"",
  ""url"": ""https://mdelio.org/sites/default/files/documents/DHH/ServiceDeliveryTools/AssesmentResourceGuide/Assessment_Resource_Guide_for_DHH_2021.pdf"",
  ""version"": ""OLD"",
  ""last_modified"": ""2025-05-08 17:32:17""
}",5,Assessment Resource Guide (Michigan DHH Services)_OLD.pdf,Language Development Tools & Assessment Resources for DHH Children,https://mdelio.org/sites/default/files/documents/DHH/ServiceDeliveryTools/AssesmentResourceGuide/Assessment_Resource_Guide_for_DHH_2021.pdf,OLD,2025-05-08 17:32:17
file-CV9ckcignEs4DsxQL7mnFM,2025-05-10 11:34:14,completed,2787,,800,400,"{
  ""filename"": ""Assessment Recommendations for Children (Birth-5) Who Are DHH (NJ DOE)_OLD.pdf"",
  ""category"": ""Language Development Tools & Assessment Resources for DHH Children"",
  ""url"": ""https://www.nj.gov/education/broadcasts/2021/july/7/AssessmentGuideandParentResourceGuideforChildrenBirthtoFiveYearsOldwhoareDeaforHardofHearing.pdf"",
  ""version"": ""OLD"",
  ""last_modified"": ""2025-05-08 17:32:32""
}",5,Assessment Recommendations for Children (Birth-5) Who Are DHH (NJ DOE)_OLD.pdf,Language Development Tools & Assessment Resources for DHH Children,https://www.nj.gov/education/broadcasts/2021/july/7/AssessmentGuideandParentResourceGuideforChildrenBirthtoFiveYearsOldwhoareDeaforHardofHearing.pdf,OLD,2025-05-08 17:32:32
file-2T941KBya56SMBHm8D4HL8,2025-05-10 11:34:12,completed,217783,,800,400,"{
  ""filename"": ""Assessment Manual - Students Who Are DHH_OLD.pdf"",
  ""category"": ""Language Development Tools & Assessment Resources for DHH Children"",
  ""url"": ""https://cehd-acquia.github.io/DHH-Resources/Assessment/AssessmentManual.pdf"",
  ""version"": ""OLD"",
  ""last_modified"": ""2025-05-08 17:32:14""
}",5,Assessment Manual - Students Who Are DHH_OLD.pdf,Language Development Tools & Assessment Resources for DHH Children,https://cehd-acquia.github.io/DHH-Resources/Assessment/AssessmentManual.pdf,OLD,2025-05-08 17:32:14
file-EsqHxhsgMRgTfWhroAi6bg,2025-05-10 11:34:11,completed,37155,,800,400,"{
  ""filename"": ""ASL Stages of Development Assessment_OLD.pdf"",
  ""category"": ""Language Development Tools & Assessment Resources for DHH Children"",
  ""url"": ""https://successforkidswithhearingloss.com/wp-content/uploads/2011/12/ASL-Stages-of-Development-Assmt.pdf"",
  ""version"": ""OLD"",
  ""last_modified"": ""2025-05-08 17:32:18""
}",5,ASL Stages of Development Assessment_OLD.pdf,Language Development Tools & Assessment Resources for DHH Children,https://successforkidswithhearingloss.com/wp-content/uploads/2011/12/ASL-Stages-of-Development-Assmt.pdf,OLD,2025-05-08 17:32:18
file-XCp8UYUXWPsEuKjUYUmpTG,2025-05-10 11:34:07,completed,12154,,800,400,"{
  ""filename"": ""ASL Assessment & Intervention Guide_OLD.pdf"",
  ""category"": ""Language Development Tools & Assessment Resources for DHH Children"",
  ""url"": ""https://successforkidswithhearingloss.com/wp-content/uploads/2017/02/Assessment-Intervention-ASL-User-handout.pdf"",
  ""version"": ""OLD"",
  ""last_modified"": ""2025-05-08 17:32:18""
}",5,ASL Assessment & Intervention Guide_OLD.pdf,Language Development Tools & Assessment Resources for DHH Children,https://successforkidswithhearingloss.com/wp-content/uploads/2017/02/Assessment-Intervention-ASL-User-handout.pdf,OLD,2025-05-08 17:32:18
file-AsaeNLKDfKWR2WQ52iSS3R,2025-05-10 11:34:04,completed,35321,,800,400,"{
  ""filename"": ""WFD-Position Paper on the Right to Sign Language for Families of Deaf Children.docx_NEW.pdf"",
  ""category"": ""Global Disability Frameworks"",
  ""url"": """",
  ""version"": ""NEW"",
  ""last_modified"": ""2025-05-08 13:15:55""
}",5,WFD-Position Paper on the Right to Sign Language for Families of Deaf Children.docx_NEW.pdf,Global Disability Frameworks,,NEW,2025-05-08 13:15:55
file-GGaH8GkykjEugLcAgGawkn,2025-05-10 11:34:02,completed,117029,,800,400,"{
  ""filename"": ""UN Convention on the Rights of Persons with Disabilities (CRPD)_OLD.pdf"",
  ""category"": ""Global Disability Frameworks"",
  ""url"": ""https://www.un.org/disabilities/documents/convention/convoptprot-e.pdf"",
  ""version"": ""OLD"",
  ""last_modified"": ""2025-05-08 17:32:32""
}",5,UN Convention on the Rights of Persons with Disabilities (CRPD)_OLD.pdf,Global Disability Frameworks,https://www.un.org/disabilities/documents/convention/convoptprot-e.pdf,OLD,2025-05-08 17:32:32
file-1ijcNTqkdiENLaLRdBCpjj,2025-05-10 11:34:00,completed,318477,,800,400,"{
  ""filename"": ""CRPD General Comment No. 7_OLD.pdf"",
  ""category"": ""Global Disability Frameworks"",
  ""url"": ""https://digitallibrary.un.org/record/1641694/files/CRPD_C_GC_7-EN.pdf"",
  ""version"": ""OLD"",
  ""last_modified"": ""2025-05-08 17:32:16""
}",5,CRPD General Comment No. 7_OLD.pdf,Global Disability Frameworks,https://digitallibrary.un.org/record/1641694/files/CRPD_C_GC_7-EN.pdf,OLD,2025-05-08 17:32:16
file-DLsCx3qruVDZXJXMvT5rPt,2025-05-10 11:33:57,completed,44523,,800,400,"{
  ""filename"": ""Sound Waves_Aussiedeafkids_OLD.pdf"",
  ""category"": ""Education"",
  ""url"": ""https://www.aussiedeafkids.org.au/wp-content/uploads/2024/12/Sound-Waves-section-5.pdf"",
  ""version"": ""OLD"",
  ""last_modified"": ""2025-05-08 17:32:19""
}",5,Sound Waves_Aussiedeafkids_OLD.pdf,Education,https://www.aussiedeafkids.org.au/wp-content/uploads/2024/12/Sound-Waves-section-5.pdf,OLD,2025-05-08 17:32:19
file-JLtM1wZqraQ1hndLtSndLK,2025-05-10 11:33:54,completed,8968,,800,400,"{
  ""filename"": ""nsw.gov.au-Child with disability or additional needs starting primary school_NEW.pdf"",
  ""category"": ""Education"",
  ""url"": """",
  ""version"": ""NEW"",
  ""last_modified"": ""2025-05-08 13:19:31""
}",5,nsw.gov.au-Child with disability or additional needs starting primary school_NEW.pdf,Education,,NEW,2025-05-08 13:19:31
file-9aynbPLktK5HRyyi43AkSP,2025-05-10 11:33:52,completed,16431,,800,400,"{
  ""filename"": ""Describing the severity of a hearing loss_Aussiedeafkids_OLD.pdf"",
  ""category"": ""Education"",
  ""url"": ""https://www.aussiedeafkids.org.au/resources/your-childs-hearing/hearing-loss/describing-the-severity-of-a-hearing-loss/"",
  ""version"": ""OLD"",
  ""last_modified"": ""2025-05-08 17:32:19""
}",5,Describing the severity of a hearing loss_Aussiedeafkids_OLD.pdf,Education,https://www.aussiedeafkids.org.au/resources/your-childs-hearing/hearing-loss/describing-the-severity-of-a-hearing-loss/,OLD,2025-05-08 17:32:19
file-9hs6zZRyjpoQPYg2iKiC3N,2025-05-10 11:33:51,completed,13629,,800,400,"{
  ""filename"": ""Describing Hearing Loss_Aussiedeafkids_OLD.pdf"",
  ""category"": ""Education"",
  ""url"": ""https://www.aussiedeafkids.org.au/resources/your-childs-hearing/hearing-loss/describing-hearing-loss/"",
  ""version"": ""OLD"",
  ""last_modified"": ""2025-05-08 17:32:19""
}",5,Describing Hearing Loss_Aussiedeafkids_OLD.pdf,Education,https://www.aussiedeafkids.org.au/resources/your-childs-hearing/hearing-loss/describing-hearing-loss/,OLD,2025-05-08 17:32:19
file-2S7CGnzgmm8HbjTkrHfGxY,2025-05-10 11:33:49,completed,2901,,800,400,"{
  ""filename"": ""Copy of NAPLAN provisions & rights to sit test_NEW.pdf"",
  ""category"": ""Education"",
  ""url"": """",
  ""version"": ""NEW"",
  ""last_modified"": ""2025-05-08 13:14:12""
}",5,Copy of NAPLAN provisions & rights to sit test_NEW.pdf,Education,,NEW,2025-05-08 13:14:12
file-7zCME574U9t7fxEgAmde6d,2025-05-10 11:33:47,completed,9115,,800,400,"{
  ""filename"": ""A quick guide to communication_Aussiedeafkids_OLD.pdf"",
  ""category"": ""Education"",
  ""url"": ""https://www.aussiedeafkids.org.au/resources/language-and-communication/getting-started/a-quick-guide-to-communication/"",
  ""version"": ""OLD"",
  ""last_modified"": ""2025-05-08 17:32:19""
}",5,A quick guide to communication_Aussiedeafkids_OLD.pdf,Education,https://www.aussiedeafkids.org.au/resources/language-and-communication/getting-started/a-quick-guide-to-communication/,OLD,2025-05-08 17:32:19
file-2jViM5LErLFNYnMTnXDk4W,2025-05-10 11:33:46,completed,13748,,800,400,"{
  ""filename"": ""Your Baby\u2019s Hearing and Communicative Development Checklist_NEW.pdf"",
  ""category"": ""Early Intervention"",
  ""url"": """",
  ""version"": ""NEW"",
  ""last_modified"": ""2025-05-08 13:26:46""
}",5,Your Babys Hearing and Communicative Development Checklist_NEW.pdf,Early Intervention,,NEW,2025-05-08 13:26:46
file-EYfvdsc5VsssAvsyaskpjc,2025-05-10 11:33:44,completed,44363,,800,400,"{
  ""filename"": ""Sound Waves-A5_NEW.pdf"",
  ""category"": ""Early Intervention"",
  ""url"": """",
  ""version"": ""NEW"",
  ""last_modified"": ""2025-05-08 13:15:16""
}",5,Sound Waves-A5_NEW.pdf,Early Intervention,,NEW,2025-05-08 13:15:16
file-9EdWYqu3jwwV2mUyasKMUZ,2025-05-10 11:33:42,completed,3232,,800,400,"{
  ""filename"": ""rlt-how-to-frame-success_NEW.pdf"",
  ""category"": ""Early Intervention"",
  ""url"": """",
  ""version"": ""NEW"",
  ""last_modified"": ""2025-05-08 13:15:09""
}",5,rlt-how-to-frame-success_NEW.pdf,Early Intervention,,NEW,2025-05-08 13:15:09
file-1Z5JvWWhAy2qP1ybL6KhEP,2025-05-10 11:33:40,completed,1797,,800,400,"{
  ""filename"": ""rlt-fill-in-the-gaps_NEW.pdf"",
  ""category"": ""Early Intervention"",
  ""url"": """",
  ""version"": ""NEW"",
  ""last_modified"": ""2025-05-08 13:15:05""
}",5,rlt-fill-in-the-gaps_NEW.pdf,Early Intervention,,NEW,2025-05-08 13:15:05
file-9MbztrbsjsxkmKSdYocgcd,2025-05-10 11:33:39,completed,1648,,800,400,"{
  ""filename"": ""RLT - importance of eye tests (Facebook Post)_NEW.pdf"",
  ""category"": ""Early Intervention"",
  ""url"": """",
  ""version"": ""NEW"",
  ""last_modified"": ""2025-05-08 13:14:56""
}",5,RLT - importance of eye tests (Facebook Post)_NEW.pdf,Early Intervention,,NEW,2025-05-08 13:14:56
file-G49q27348EF6JtbdxZFmjF,2025-05-10 11:33:38,completed,51202,,800,400,"{
  ""filename"": ""QLD Minimum Standards of Practice - Early Intervention_OLD.pdf"",
  ""category"": ""Early Intervention"",
  ""url"": ""https://www.childrens.health.qld.gov.au/__data/assets/pdf_file/0025/174805/hh-min-stds-prac-qld.pdf"",
  ""version"": ""OLD"",
  ""last_modified"": ""2025-05-08 17:32:19""
}",5,QLD Minimum Standards of Practice - Early Intervention_OLD.pdf,Early Intervention,https://www.childrens.health.qld.gov.au/__data/assets/pdf_file/0025/174805/hh-min-stds-prac-qld.pdf,OLD,2025-05-08 17:32:19
file-Fgh2TohbDroBegpvMVzf5v,2025-05-10 11:33:35,completed,110016,,800,400,"{
  ""filename"": ""Policy on Early Intervention for DHH Children_OLD.pdf"",
  ""category"": ""Early Intervention"",
  ""url"": ""https://www.aph.gov.au/DocumentStore.ashx?id=e8cbc1dd-6a5d-4f25-9a66-1f3eada1cf52&subId=400764"",
  ""version"": ""OLD"",
  ""last_modified"": ""2025-05-08 17:32:18""
}",5,Policy on Early Intervention for DHH Children_OLD.pdf,Early Intervention,https://www.aph.gov.au/DocumentStore.ashx?id=e8cbc1dd-6a5d-4f25-9a66-1f3eada1cf52&subId=400764,OLD,2025-05-08 17:32:18
file-HjLSMtU6LkvB3yW2vZdQf3,2025-05-10 11:33:34,completed,56099,,800,400,"{
  ""filename"": ""NDIS and Children with Hearing Loss - ADK_OLD.pdf"",
  ""category"": ""Early Intervention"",
  ""url"": ""https://www.aussiedeafkids.org.au/user-assets/NDIS%20and%20children%20with%20hearing%20loss.pdf"",
  ""version"": ""OLD"",
  ""last_modified"": ""2025-05-08 17:32:19""
}",5,NDIS and Children with Hearing Loss - ADK_OLD.pdf,Early Intervention,https://www.aussiedeafkids.org.au/user-assets/NDIS%20and%20children%20with%20hearing%20loss.pdf,OLD,2025-05-08 17:32:19
file-YT1bHq25SxMguhiiFdVa56,2025-05-10 11:33:32,completed,185224,,800,400,"{
  ""filename"": ""Multidimensional Family-Centre_Alsepneo_OLD.pdf"",
  ""category"": ""Early Intervention"",
  ""url"": ""https://www.alsepneo.com/wp-content/uploads/2022/04/Multidimensional-Family-Centred-Early-Intervention.pdf"",
  ""version"": ""OLD"",
  ""last_modified"": ""2025-05-08 17:32:18""
}",5,Multidimensional Family-Centre_Alsepneo_OLD.pdf,Early Intervention,https://www.alsepneo.com/wp-content/uploads/2022/04/Multidimensional-Family-Centred-Early-Intervention.pdf,OLD,2025-05-08 17:32:18
file-WLEEfzakwkd2HzN87WYzxo,2025-05-10 11:33:30,completed,144430,,800,400,"{
  ""filename"": ""Hearing loss and your baby the next step_NEW.pdf"",
  ""category"": ""Early Intervention"",
  ""url"": """",
  ""version"": ""NEW"",
  ""last_modified"": ""2025-05-08 13:17:50""
}",5,Hearing loss and your baby the next step_NEW.pdf,Early Intervention,,NEW,2025-05-08 13:17:50
file-VdGwAf328Nb6NonjRYH4k5,2025-05-10 11:33:28,completed,47887,,800,400,"{
  ""filename"": ""Final_8-30-2017_NEW.pdf"",
  ""category"": ""Early Intervention"",
  ""url"": """",
  ""version"": ""NEW"",
  ""last_modified"": ""2025-05-08 13:22:26""
}",5,Final_8-30-2017_NEW.pdf,Early Intervention,,NEW,2025-05-08 13:22:26
file-8ynRH8JxGLfz9djTFnpkeP,2025-05-10 11:33:27,completed,250749,,800,400,"{
  ""filename"": ""Family-Centered Early Intervention Deaf_Hard of Hearing (FCEI-DHH)_ Support Principles_NEW.pdf"",
  ""category"": ""Early Intervention"",
  ""url"": """",
  ""version"": ""NEW"",
  ""last_modified"": ""2025-05-08 13:14:19""
}",5,Family-Centered Early Intervention Deaf_Hard of Hearing (FCEI-DHH)_ Support Principles_NEW.pdf,Early Intervention,,NEW,2025-05-08 13:14:19
file-GgugH96b8DynXyxf7ADzcK,2025-05-10 11:33:25,completed,130637,,800,400,"{
  ""filename"": ""EI & Education Summit Report -_Deafaustralia_OLD.pdf"",
  ""category"": ""Early Intervention"",
  ""url"": ""https://deafaustralia.org.au/wp-content/uploads/2022/05/EI-and-Education-Summit-report-2013.pdf"",
  ""version"": ""OLD"",
  ""last_modified"": ""2025-05-08 17:32:15""
}",5,EI & Education Summit Report -_Deafaustralia_OLD.pdf,Early Intervention,https://deafaustralia.org.au/wp-content/uploads/2022/05/EI-and-Education-Summit-report-2013.pdf,OLD,2025-05-08 17:32:15
file-DPYjReVPwXDiDEHdQyrtTx,2025-05-10 11:33:20,completed,121236,,800,400,"{
  ""filename"": ""Best Practices in Family-Centred EI - Aurora School_OLD.pdf"",
  ""category"": ""Early Intervention"",
  ""url"": ""https://www.auroraschool.vic.edu.au/wp-content/uploads/2023/10/Best_Practices_in_Family_Centered_Early_Intervention_ENG.pdf"",
  ""version"": ""OLD"",
  ""last_modified"": ""2025-05-08 17:32:18""
}",5,Best Practices in Family-Centred EI - Aurora School_OLD.pdf,Early Intervention,https://www.auroraschool.vic.edu.au/wp-content/uploads/2023/10/Best_Practices_in_Family_Centered_Early_Intervention_ENG.pdf,OLD,2025-05-08 17:32:18
file-6pjKQ3tR1q9RGyu9xX83MC,2025-05-10 11:33:19,completed,242775,,800,400,"{
  ""filename"": ""Benefits of Auslan in Early Intervention - Deaf Connect_OLD.pdf"",
  ""category"": ""Early Intervention"",
  ""url"": ""https://deafconnect.org.au/wp-content/uploads/2022/11/BENEFITS_OF_AUSLAN_EARLY_INTERVENTION_v4_DIGITAL.pdf"",
  ""version"": ""OLD"",
  ""last_modified"": ""2025-05-08 17:32:15""
}",5,Benefits of Auslan in Early Intervention - Deaf Connect_OLD.pdf,Early Intervention,https://deafconnect.org.au/wp-content/uploads/2022/11/BENEFITS_OF_AUSLAN_EARLY_INTERVENTION_v4_DIGITAL.pdf,OLD,2025-05-08 17:32:15
file-6sMHCGdvHaKW5XuzHC4ENf,2025-05-10 11:33:14,completed,67728,,800,400,"{
  ""filename"": ""Public Governance, Performance and Accountability (Section 75 Transfers) Determination 2017-2018_NEW.pdf"",
  ""category"": ""Australian Federal Laws and Policies"",
  ""url"": """",
  ""version"": ""NEW"",
  ""last_modified"": ""2025-05-08 13:11:14""
}",5,"Public Governance, Performance and Accountability (Section 75 Transfers) Determination 2017-2018_NEW.pdf",Australian Federal Laws and Policies,,NEW,2025-05-08 13:11:14
file-LVAgAM3KPU8CCMHE5dHWLX,2025-05-10 11:33:12,completed,55855,,800,400,"{
  ""filename"": ""NDIS Legislation Amendment Act 2013_NEW.pdf"",
  ""category"": ""Australian Federal Laws and Policies"",
  ""url"": """",
  ""version"": ""NEW"",
  ""last_modified"": ""2025-05-08 13:06:05""
}",5,NDIS Legislation Amendment Act 2013_NEW.pdf,Australian Federal Laws and Policies,,NEW,2025-05-08 13:06:05
file-ShvvoCmDZz5cCAZKxNknUw,2025-05-10 11:33:10,completed,247422,,800,400,"{
  ""filename"": ""NDIS Amendment (Quality and Safeguards Commission and Other Measures) Act 2017_NEW.pdf"",
  ""category"": ""Australian Federal Laws and Policies"",
  ""url"": """",
  ""version"": ""NEW"",
  ""last_modified"": ""2025-05-08 13:06:15""
}",5,NDIS Amendment (Quality and Safeguards Commission and Other Measures) Act 2017_NEW.pdf,Australian Federal Laws and Policies,,NEW,2025-05-08 13:06:15
file-7caPeaCWYrea5nyTwietQh,2025-05-10 11:33:08,completed,135052,,800,400,"{
  ""filename"": ""NDIS Amendment (Participant Service Guarantee and Other Measures) Act 2022_NEW.pdf"",
  ""category"": ""Australian Federal Laws and Policies"",
  ""url"": """",
  ""version"": ""NEW"",
  ""last_modified"": ""2025-05-08 13:06:26""
}",5,NDIS Amendment (Participant Service Guarantee and Other Measures) Act 2022_NEW.pdf,Australian Federal Laws and Policies,,NEW,2025-05-08 13:06:26
file-VXK1tpmPaRPtjsuwNjThE8,2025-05-10 11:33:06,completed,279862,,800,400,"{
  ""filename"": ""NDIS Amendment (Getting the NDIS Back on Track No. 1) Act 2024_NEW.pdf"",
  ""category"": ""Australian Federal Laws and Policies"",
  ""url"": """",
  ""version"": ""NEW"",
  ""last_modified"": ""2025-05-08 13:06:43""
}",5,NDIS Amendment (Getting the NDIS Back on Track No. 1) Act 2024_NEW.pdf,Australian Federal Laws and Policies,,NEW,2025-05-08 13:06:43
file-66KGZFmTbanSZBYyKC3A7X,2025-05-10 11:33:04,completed,1017772,,800,400,"{
  ""filename"": ""NDIS Act 2013_Legislation_OLD.pdf"",
  ""category"": ""Australian Federal Laws and Policies"",
  ""url"": ""https://www.legislation.gov.au/Details/C2023C00397/Download"",
  ""version"": ""OLD"",
  ""last_modified"": ""2025-05-08 17:32:22""
}",5,NDIS Act 2013_Legislation_OLD.pdf,Australian Federal Laws and Policies,https://www.legislation.gov.au/Details/C2023C00397/Download,OLD,2025-05-08 17:32:22
file-BcHwSHWeX5oEAdX1mjTjak,2025-05-10 11:33:02,completed,17463,,800,400,"{
  ""filename"": ""NDIS (Variation and Reassessment of Participants\u2019 Plans) Rules 2025_NEW.pdf"",
  ""category"": ""Australian Federal Laws and Policies"",
  ""url"": """",
  ""version"": ""NEW"",
  ""last_modified"": ""2025-05-08 13:12:05""
}",5,NDIS (Variation and Reassessment of Participants Plans) Rules 2025_NEW.pdf,Australian Federal Laws and Policies,,NEW,2025-05-08 13:12:05
file-UgU7TSQyq2CVpz66n2eo44,2025-05-10 11:33:00,completed,67648,,800,400,"{
  ""filename"": ""NDIS (Supports for Participants) Rules 2013_NEW.pdf"",
  ""category"": ""Australian Federal Laws and Policies"",
  ""url"": """",
  ""version"": ""NEW"",
  ""last_modified"": ""2025-05-08 13:11:59""
}",5,NDIS (Supports for Participants) Rules 2013_NEW.pdf,Australian Federal Laws and Policies,,NEW,2025-05-08 13:11:59
file-WdQerUv51QVvkikznFGSbX,2025-05-10 11:32:59,completed,201437,,800,400,"{
  ""filename"": ""NDIS (Quality Indicators for NDIS Practice Standards) Guidelines 2018_NEW.pdf"",
  ""category"": ""Australian Federal Laws and Policies"",
  ""url"": """",
  ""version"": ""NEW"",
  ""last_modified"": ""2025-05-08 13:11:44""
}",5,NDIS (Quality Indicators for NDIS Practice Standards) Guidelines 2018_NEW.pdf,Australian Federal Laws and Policies,,NEW,2025-05-08 13:11:44
file-J9jTwqYy3DJc9DxahEncVe,2025-05-10 11:32:57,completed,5602,,800,400,"{
  ""filename"": ""NDIS (NDIS Provider Definition) Amendment Rule 2022_NEW.pdf"",
  ""category"": ""Australian Federal Laws and Policies"",
  ""url"": """",
  ""version"": ""NEW"",
  ""last_modified"": ""2025-05-08 13:11:25""
}",5,NDIS (NDIS Provider Definition) Amendment Rule 2022_NEW.pdf,Australian Federal Laws and Policies,,NEW,2025-05-08 13:11:25
file-VtPRgipdUXjKw5g5s1EReG,2025-05-10 11:32:55,completed,80541,,800,400,"{
  ""filename"": ""NDIS (Complaints Management and Resolution) Rules 2018_NEW.pdf"",
  ""category"": ""Australian Federal Laws and Policies"",
  ""url"": """",
  ""version"": ""NEW"",
  ""last_modified"": ""2025-05-08 13:11:08""
}",5,NDIS (Complaints Management and Resolution) Rules 2018_NEW.pdf,Australian Federal Laws and Policies,,NEW,2025-05-08 13:11:08
file-8SqLWWixFvFGakKXBaztxF,2025-05-10 11:32:53,completed,22267,,800,400,"{
  ""filename"": ""NDIS (Code of Conduct) Rules 2018_NEW.pdf"",
  ""category"": ""Australian Federal Laws and Policies"",
  ""url"": """",
  ""version"": ""NEW"",
  ""last_modified"": ""2025-05-08 13:11:38""
}",5,NDIS (Code of Conduct) Rules 2018_NEW.pdf,Australian Federal Laws and Policies,,NEW,2025-05-08 13:11:38
file-P51SdMAV5PUZuEvxApd6ee,2025-05-10 11:32:52,completed,33005,,800,400,"{
  ""filename"": ""NDIS (Children) Rules  2013_NEW.pdf"",
  ""category"": ""Australian Federal Laws and Policies"",
  ""url"": """",
  ""version"": ""NEW"",
  ""last_modified"": ""2025-05-08 13:10:50""
}",5,NDIS (Children) Rules  2013_NEW.pdf,Australian Federal Laws and Policies,,NEW,2025-05-08 13:10:50
file-UgUW3qNYfXo3nkYsUhzs4M,2025-05-10 11:32:50,completed,222016,,800,400,"{
  ""filename"": ""National Action Plan for the Health of Children and Young People 2020-2030_NEW.pdf"",
  ""category"": ""Australian Federal Laws and Policies"",
  ""url"": """",
  ""version"": ""NEW"",
  ""last_modified"": ""2025-05-08 13:18:46""
}",5,National Action Plan for the Health of Children and Young People 2020-2030_NEW.pdf,Australian Federal Laws and Policies,,NEW,2025-05-08 13:18:46
file-PYJcXSRVJ2pJuWeWqJgT4D,2025-05-10 11:32:48,completed,102693,,800,400,"{
  ""filename"": ""Hearing Services Program (Voucher) Instrument 2019_NEW.pdf"",
  ""category"": ""Australian Federal Laws and Policies"",
  ""url"": """",
  ""version"": ""NEW"",
  ""last_modified"": ""2025-05-08 13:11:49""
}",5,Hearing Services Program (Voucher) Instrument 2019_NEW.pdf,Australian Federal Laws and Policies,,NEW,2025-05-08 13:11:49
file-Gr64RB39PvtwEgjS6L3jzo,2025-05-10 11:32:46,completed,229821,,800,400,"{
  ""filename"": ""Hearing Services Program (Schedule of Service Items and Fees 2024-25) Instrument (No. 1) 2024_NEW.pdf"",
  ""category"": ""Australian Federal Laws and Policies"",
  ""url"": """",
  ""version"": ""NEW"",
  ""last_modified"": ""2025-05-08 13:11:54""
}",5,Hearing Services Program (Schedule of Service Items and Fees 2024-25) Instrument (No. 1) 2024_NEW.pdf,Australian Federal Laws and Policies,,NEW,2025-05-08 13:11:54
file-9V5WuQCe2zzS6bJXrtHRCh,2025-05-10 11:32:43,completed,3487,,800,400,"{
  ""filename"": ""Hearing Services (Participants in the Voucher System) Amendment Determination 2013 (No. 1)_NEW.pdf"",
  ""category"": ""Australian Federal Laws and Policies"",
  ""url"": """",
  ""version"": ""NEW"",
  ""last_modified"": ""2025-05-08 13:10:56""
}",5,Hearing Services (Participants in the Voucher System) Amendment Determination 2013 (No. 1)_NEW.pdf,Australian Federal Laws and Policies,,NEW,2025-05-08 13:10:56
file-LbpSq8jcsBYb7j4akpZbLd,2025-05-10 11:32:41,completed,7561,,800,400,"{
  ""filename"": ""EXPLANATORY STATEMENT  Education Standards under the Disability Discrimination Act_NEW.pdf"",
  ""category"": ""Australian Federal Laws and Policies"",
  ""url"": """",
  ""version"": ""NEW"",
  ""last_modified"": ""2025-05-08 13:10:42""
}",5,EXPLANATORY STATEMENT  Education Standards under the Disability Discrimination Act_NEW.pdf,Australian Federal Laws and Policies,,NEW,2025-05-08 13:10:42
file-BzsRkSP6bkRgr5mipXoNFo,2025-05-10 11:32:39,completed,41389,,800,400,"{
  ""filename"": ""Disability Standards for Education 2005_Supporting material_OLD.pdf"",
  ""category"": ""Australian Federal Laws and Policies"",
  ""url"": """",
  ""version"": ""OLD"",
  ""last_modified"": ""2025-05-06 21:01:38""
}",5,Disability Standards for Education 2005_Supporting material_OLD.pdf,Australian Federal Laws and Policies,,OLD,2025-05-06 21:01:38
file-EyiFrzZPKjyQXAMnb2rRZQ,2025-05-10 11:32:38,completed,85364,,800,400,"{
  ""filename"": ""Disability Standards for Education 2005_Legislative Instrument_OLD.pdf"",
  ""category"": ""Australian Federal Laws and Policies"",
  ""url"": """",
  ""version"": ""OLD"",
  ""last_modified"": ""2025-05-06 21:00:48""
}",5,Disability Standards for Education 2005_Legislative Instrument_OLD.pdf,Australian Federal Laws and Policies,,OLD,2025-05-06 21:00:48
file-WLKGF5chMzwh1gmS55EBnA,2025-05-10 11:32:36,completed,7561,,800,400,"{
  ""filename"": ""Disability Standards for Education 2005_Explanatory statement_OLD.pdf"",
  ""category"": ""Australian Federal Laws and Policies"",
  ""url"": """",
  ""version"": ""OLD"",
  ""last_modified"": ""2025-05-06 21:01:13""
}",5,Disability Standards for Education 2005_Explanatory statement_OLD.pdf,Australian Federal Laws and Policies,,OLD,2025-05-06 21:01:13
file-NVbo9uaceEGvVLeChhTMim,2025-05-10 11:32:35,completed,123809,,800,400,"{
  ""filename"": ""Disability Services and Inclusion Act 2023_NEW.pdf"",
  ""category"": ""Australian Federal Laws and Policies"",
  ""url"": """",
  ""version"": ""NEW"",
  ""last_modified"": ""2025-05-08 13:06:55""
}",5,Disability Services and Inclusion Act 2023_NEW.pdf,Australian Federal Laws and Policies,,NEW,2025-05-08 13:06:55
file-R3xUhSmYgcvLeWjBxb4yVj,2025-05-10 11:32:33,completed,66933,,800,400,"{
  ""filename"": ""Disability Services and Inclusion (Complaints and Incidents Management) Rules 2023_NEW.pdf"",
  ""category"": ""Australian Federal Laws and Policies"",
  ""url"": """",
  ""version"": ""NEW"",
  ""last_modified"": ""2025-05-08 13:11:31""
}",5,Disability Services and Inclusion (Complaints and Incidents Management) Rules 2023_NEW.pdf,Australian Federal Laws and Policies,,NEW,2025-05-08 13:11:31
file-74geuWEtmCoRP2oUYxx71H,2025-05-10 11:32:30,completed,227742,,800,400,"{
  ""filename"": ""Disability Discrimination Act _1992_Legislation_OLD.pdf"",
  ""category"": ""Australian Federal Laws and Policies"",
  ""url"": ""https://www.legislation.gov.au/Details/C2021C00375/Download"",
  ""version"": ""OLD"",
  ""last_modified"": ""2025-05-08 17:32:22""
}",5,Disability Discrimination Act _1992_Legislation_OLD.pdf,Australian Federal Laws and Policies,https://www.legislation.gov.au/Details/C2021C00375/Download,OLD,2025-05-08 17:32:22
file-WEtJUrpCNegKAJ5XWEWi8D,2025-05-10 11:32:29,completed,61639,,800,400,"{
  ""filename"": ""Disability (Access to Premises \u2013 Buildings) Amendment Standards 2020_NEW.pdf"",
  ""category"": ""Australian Federal Laws and Policies"",
  ""url"": """",
  ""version"": ""NEW"",
  ""last_modified"": ""2025-05-08 13:11:19""
}",5,Disability (Access to Premises  Buildings) Amendment Standards 2020_NEW.pdf,Australian Federal Laws and Policies,,NEW,2025-05-08 13:11:19
file-UadPPwj45BpJJrp6ps6EWr,2025-05-10 11:32:26,completed,219597,,800,400,"{
  ""filename"": ""Australia\u2019s Disability Strategy 2021-2031_NEW.pdf"",
  ""category"": ""Australian Federal Laws and Policies"",
  ""url"": """",
  ""version"": ""NEW"",
  ""last_modified"": ""2025-05-08 13:10:29""
}",5,Australias Disability Strategy 2021-2031_NEW.pdf,Australian Federal Laws and Policies,,NEW,2025-05-08 13:10:29
file-EKdm3pW5ejeTLxB4QhhfFw,2025-05-10 11:32:22,completed,278737,,800,400,"{
  ""filename"": ""Australia's Disability Strategy 2021-2031_OLD.pdf"",
  ""category"": ""Australian Federal Laws and Policies"",
  ""url"": ""https://www.disabilitygateway.gov.au/sites/default/files/documents/2021-12/australias-disability-strategy-2021\n-2031.pdf"",
  ""version"": ""OLD"",
  ""last_modified"": ""2025-05-08 17:32:21""
}",5,Australia's Disability Strategy 2021-2031_OLD.pdf,Australian Federal Laws and Policies,"https://www.disabilitygateway.gov.au/sites/default/files/documents/2021-12/australias-disability-strategy-2021
-2031.pdf",OLD,2025-05-08 17:32:21
file-JkG8NNrGCT87y9fQepY6yc,2025-05-10 11:32:18,completed,267294,,800,400,"{
  ""filename"": ""Appropriation Act (No. 1) 2024-2025_NEW.pdf"",
  ""category"": ""Australian Federal Laws and Policies"",
  ""url"": """",
  ""version"": ""NEW"",
  ""last_modified"": ""2025-05-08 13:06:36""
}",5,Appropriation Act (No. 1) 2024-2025_NEW.pdf,Australian Federal Laws and Policies,,NEW,2025-05-08 13:06:36
file-DG6sJrD7dzpFr75JgXQbTb,2025-05-10 11:32:15,completed,92295,,800,400,"{
  ""filename"": ""Administrative Review Tribunal (Miscellaneous Measures) Act 2025_NEW.pdf"",
  ""category"": ""Australian Federal Laws and Policies"",
  ""url"": """",
  ""version"": ""NEW"",
  ""last_modified"": ""2025-05-08 13:07:04""
}",5,Administrative Review Tribunal (Miscellaneous Measures) Act 2025_NEW.pdf,Australian Federal Laws and Policies,,NEW,2025-05-08 13:07:04
